{"cameraMode":{"drawMode":0,"name":"Shaded","section":"Shading Mode"},"sceneLighting":false,"audioPlay":false,"sceneViewState":{"showFog":true,"showMaterialUpdate":false,"showSkybox":false,"showFlares":true,"showImageEffects":true,"showParticleSystems":true},"in2DMode":false,"pivot":{"x":-49.101348876953128,"y":-83.0177230834961,"z":-18.60257339477539},"rotation":{"x":-0.27271997928619387,"y":0.7224765419960022,"z":-0.39761534333229067,"w":-0.4955485463142395},"size":50.584808349609378,"orthographic":false}